[
    {
        "tipo": "atribucion",
        "id": "T1",
        "Estado": "<div class='is-mobile'><ul class='uls'><li>Lorem ipsum dolor sit amet, consectetur adipisicing elit. Omnis natus ex fugiat nemo repudiandae consequuntur</li><li>Lorem ipsum dolor sit amet, consectetur adipisicing elit. Omnis natus ex fugiat nemo repudiandae consequuntur</li><li>Lorem ipsum dolor sit amet, consectetur adipisicing elit. Omnis natus ex fugiat nemo repudiandae consequuntur</li><li>Lorem ipsum dolor sit amet, consectetur adipisicing elit. Omnis natus ex fugiat nemo repudiandae consequuntur</li></ul><div>",
        "Federacion": "<div class='is-mobile'><ul class='uls'><li>Lorem ipsum dolor sit amet, consectetur adipisicing elit. Omnis natus ex fugiat nemo repudiandae consequuntur</li><li>Lorem ipsum dolor sit amet, consectetur adipisicing elit. Omnis natus ex fugiat nemo repudiandae consequuntur</li><li>Lorem ipsum dolor sit amet, consectetur adipisicing elit. Omnis natus ex fugiat nemo repudiandae consequuntur</li><li>Lorem ipsum dolor sit amet, consectetur adipisicing elit. Omnis natus ex fugiat nemo repudiandae consequuntur</li></ul><div>",
       "Municipio": "<div class='is-mobile'><ul class='uls'><li>Lorem ipsum dolor sit amet, consectetur adipisicing elit. Omnis natus ex fugiat nemo repudiandae consequuntur</li><li>Lorem ipsum dolor sit amet, consectetur adipisicing elit. Omnis natus ex fugiat nemo repudiandae consequuntur</li><li>Lorem ipsum dolor sit amet, consectetur adipisicing elit. Omnis natus ex fugiat nemo repudiandae consequuntur</li><li>Lorem ipsum dolor sit amet, consectetur adipisicing elit. Omnis natus ex fugiat nemo repudiandae consequuntur</li></ul><div>"
      },
      {
        "tipo": "atribucion",
        "id": "T2",
        "Estado": "<div class='is-mobile'><ul class='uls'><li>Lorem ipsum dolor sit amet, consectetur adipisicing elit. Omnis natus ex fugiat nemo repudiandae consequuntur</li><li>Lorem ipsum dolor sit amet, consectetur adipisicing elit. Omnis natus ex fugiat nemo repudiandae consequuntur</li><li>Lorem ipsum dolor sit amet, consectetur adipisicing elit. Omnis natus ex fugiat nemo repudiandae consequuntur</li><li>Lorem ipsum dolor sit amet, consectetur adipisicing elit. Omnis natus ex fugiat nemo repudiandae consequuntur</li></ul><div>",
       "Federacion": "<div class='is-mobile'><ul class='uls'><li>Lorem ipsum dolor sit amet, consectetur adipisicing elit. Omnis natus ex fugiat nemo repudiandae consequuntur</li><li>Lorem ipsum dolor sit amet, consectetur adipisicing elit. Omnis natus ex fugiat nemo repudiandae consequuntur</li><li>Lorem ipsum dolor sit amet, consectetur adipisicing elit. Omnis natus ex fugiat nemo repudiandae consequuntur</li><li>Lorem ipsum dolor sit amet, consectetur adipisicing elit. Omnis natus ex fugiat nemo repudiandae consequuntur</li></ul><div>",
        "Municipio": "<div class='is-mobile'><ul class='uls'><li>Lorem ipsum dolor sit amet, consectetur adipisicing elit. Omnis natus ex fugiat nemo repudiandae consequuntur</li><li>Lorem ipsum dolor sit amet, consectetur adipisicing elit. Omnis natus ex fugiat nemo repudiandae consequuntur</li><li>Lorem ipsum dolor sit amet, consectetur adipisicing elit. Omnis natus ex fugiat nemo repudiandae consequuntur</li><li>Lorem ipsum dolor sit amet, consectetur adipisicing elit. Omnis natus ex fugiat nemo repudiandae consequuntur</li></ul><div>"
      },
      {
        "tipo": "atribucion",
        "id": "T3",
         "Estado": "<div class='is-mobile'><ul class='uls'><li>Lorem ipsum dolor sit amet, consectetur adipisicing elit. Omnis natus ex fugiat nemo repudiandae consequuntur</li><li>Lorem ipsum dolor sit amet, consectetur adipisicing elit. Omnis natus ex fugiat nemo repudiandae consequuntur</li><li>Lorem ipsum dolor sit amet, consectetur adipisicing elit. Omnis natus ex fugiat nemo repudiandae consequuntur</li><li>Lorem ipsum dolor sit amet, consectetur adipisicing elit. Omnis natus ex fugiat nemo repudiandae consequuntur</li></ul><div>",
       "Federacion": "<div class='is-mobile'><ul class='uls'><li>Lorem ipsum dolor sit amet, consectetur adipisicing elit. Omnis natus ex fugiat nemo repudiandae consequuntur</li><li>Lorem ipsum dolor sit amet, consectetur adipisicing elit. Omnis natus ex fugiat nemo repudiandae consequuntur</li><li>Lorem ipsum dolor sit amet, consectetur adipisicing elit. Omnis natus ex fugiat nemo repudiandae consequuntur</li><li>Lorem ipsum dolor sit amet, consectetur adipisicing elit. Omnis natus ex fugiat nemo repudiandae consequuntur</li></ul><div>",
       "Municipio": "<div class='is-mobile'><ul class='uls'><li>Lorem ipsum dolor sit amet, consectetur adipisicing elit. Omnis natus ex fugiat nemo repudiandae consequuntur</li><li>Lorem ipsum dolor sit amet, consectetur adipisicing elit. Omnis natus ex fugiat nemo repudiandae consequuntur</li><li>Lorem ipsum dolor sit amet, consectetur adipisicing elit. Omnis natus ex fugiat nemo repudiandae consequuntur</li><li>Lorem ipsum dolor sit amet, consectetur adipisicing elit. Omnis natus ex fugiat nemo repudiandae consequuntur</li></ul><div>"
      },
      {
        "tipo": "atribucion",
        "id": "T4",
         "Estado": "<div class='is-mobile'><ul class='uls'><li>Lorem ipsum dolor sit amet, consectetur adipisicing elit. Omnis natus ex fugiat nemo repudiandae consequuntur</li><li>Lorem ipsum dolor sit amet, consectetur adipisicing elit. Omnis natus ex fugiat nemo repudiandae consequuntur</li><li>Lorem ipsum dolor sit amet, consectetur adipisicing elit. Omnis natus ex fugiat nemo repudiandae consequuntur</li><li>Lorem ipsum dolor sit amet, consectetur adipisicing elit. Omnis natus ex fugiat nemo repudiandae consequuntur</li></ul><div>",
       "Federacion": "<div class='is-mobile'><ul class='uls'><li>Lorem ipsum dolor sit amet, consectetur adipisicing elit. Omnis natus ex fugiat nemo repudiandae consequuntur</li><li>Lorem ipsum dolor sit amet, consectetur adipisicing elit. Omnis natus ex fugiat nemo repudiandae consequuntur</li><li>Lorem ipsum dolor sit amet, consectetur adipisicing elit. Omnis natus ex fugiat nemo repudiandae consequuntur</li><li>Lorem ipsum dolor sit amet, consectetur adipisicing elit. Omnis natus ex fugiat nemo repudiandae consequuntur</li></ul><div>",
       "Municipio": "<div class='is-mobile'><ul class='uls'><li>Lorem ipsum dolor sit amet, consectetur adipisicing elit. Omnis natus ex fugiat nemo repudiandae consequuntur</li><li>Lorem ipsum dolor sit amet, consectetur adipisicing elit. Omnis natus ex fugiat nemo repudiandae consequuntur</li><li>Lorem ipsum dolor sit amet, consectetur adipisicing elit. Omnis natus ex fugiat nemo repudiandae consequuntur</li><li>Lorem ipsum dolor sit amet, consectetur adipisicing elit. Omnis natus ex fugiat nemo repudiandae consequuntur</li></ul><div>"
      },
      {
        "tipo": "atribucion",
        "id": "T5",
         "Estado": "<div class='is-mobile'><ul class='uls'><li>Lorem ipsum dolor sit amet, consectetur adipisicing elit. Omnis natus ex fugiat nemo repudiandae consequuntur</li><li>Lorem ipsum dolor sit amet, consectetur adipisicing elit. Omnis natus ex fugiat nemo repudiandae consequuntur</li><li>Lorem ipsum dolor sit amet, consectetur adipisicing elit. Omnis natus ex fugiat nemo repudiandae consequuntur</li><li>Lorem ipsum dolor sit amet, consectetur adipisicing elit. Omnis natus ex fugiat nemo repudiandae consequuntur</li></ul><div>",
       "Federacion": "<div class='is-mobile'><ul class='uls'><li>Lorem ipsum dolor sit amet, consectetur adipisicing elit. Omnis natus ex fugiat nemo repudiandae consequuntur</li><li>Lorem ipsum dolor sit amet, consectetur adipisicing elit. Omnis natus ex fugiat nemo repudiandae consequuntur</li><li>Lorem ipsum dolor sit amet, consectetur adipisicing elit. Omnis natus ex fugiat nemo repudiandae consequuntur</li><li>Lorem ipsum dolor sit amet, consectetur adipisicing elit. Omnis natus ex fugiat nemo repudiandae consequuntur</li></ul><div>",
       "Municipio": "<div class='is-mobile'><ul class='uls'><li>Lorem ipsum dolor sit amet, consectetur adipisicing elit. Omnis natus ex fugiat nemo repudiandae consequuntur</li><li>Lorem ipsum dolor sit amet, consectetur adipisicing elit. Omnis natus ex fugiat nemo repudiandae consequuntur</li><li>Lorem ipsum dolor sit amet, consectetur adipisicing elit. Omnis natus ex fugiat nemo repudiandae consequuntur</li><li>Lorem ipsum dolor sit amet, consectetur adipisicing elit. Omnis natus ex fugiat nemo repudiandae consequuntur</li></ul><div>"
      },
      {
        "tipo": "atribucion",
        "id": "T6",
         "Estado": "<div class='is-mobile'><ul class='uls'><li>Lorem ipsum dolor sit amet, consectetur adipisicing elit. Omnis natus ex fugiat nemo repudiandae consequuntur</li><li>Lorem ipsum dolor sit amet, consectetur adipisicing elit. Omnis natus ex fugiat nemo repudiandae consequuntur</li><li>Lorem ipsum dolor sit amet, consectetur adipisicing elit. Omnis natus ex fugiat nemo repudiandae consequuntur</li><li>Lorem ipsum dolor sit amet, consectetur adipisicing elit. Omnis natus ex fugiat nemo repudiandae consequuntur</li></ul><div>",
       "Federacion": "<div class='is-mobile'><ul class='uls'><li>Lorem ipsum dolor sit amet, consectetur adipisicing elit. Omnis natus ex fugiat nemo repudiandae consequuntur</li><li>Lorem ipsum dolor sit amet, consectetur adipisicing elit. Omnis natus ex fugiat nemo repudiandae consequuntur</li><li>Lorem ipsum dolor sit amet, consectetur adipisicing elit. Omnis natus ex fugiat nemo repudiandae consequuntur</li><li>Lorem ipsum dolor sit amet, consectetur adipisicing elit. Omnis natus ex fugiat nemo repudiandae consequuntur</li></ul><div>",
       "Municipio": "<div class='is-mobile'><ul class='uls'><li>Lorem ipsum dolor sit amet, consectetur adipisicing elit. Omnis natus ex fugiat nemo repudiandae consequuntur</li><li>Lorem ipsum dolor sit amet, consectetur adipisicing elit. Omnis natus ex fugiat nemo repudiandae consequuntur</li><li>Lorem ipsum dolor sit amet, consectetur adipisicing elit. Omnis natus ex fugiat nemo repudiandae consequuntur</li><li>Lorem ipsum dolor sit amet, consectetur adipisicing elit. Omnis natus ex fugiat nemo repudiandae consequuntur</li></ul><div>"
      },
      {
        "tipo": "atribucion",
        "id": "T7",
         "Estado": "<div class='is-mobile'><ul class='uls'><li>Hacer, guiar y evaluar la política estatal de cambio climático</li><li>Hacer, regular, dirigir e instrumentar acciones de mitigación y adaptación al cambio climático en los estados.</li><li>Incluir criterios de mitigación y adaptación al cambio climático en sus instrumentos de política ambiental</li><li>Elaborar y llevar a la práctica su programa de cambio climático, con la participación de los sectores público, privado y sociedad en general.</li><li>Establecer criterios y procedimientos para evaluar y vigilar el cumplimiento del programa estatal de cambio climático, establecer metas e indicadores de efectividad e impacto de las acciones de mitigación y adaptación.</li> <li>Celebrar convenios de coordinación con el gobierno federal, otros estados y municipios, para llevar a cabo acciones para la mitigación y adaptación al cambio climático.</li><li>Desarrollar estrategias, programas y proyectos integrales de mitigación de emisiones de gases de efecto invernadero para impulsar el transporte eficiente y sustentable, público y privado.</li> <li>Realizar campañas de educación e información para sensibilizar a la población sobre los efectos adversos del cambio climático.</li><li>Elaborar e integrar la información de las categorías de las fuentes emisoras de gases y compuestos de efecto invernadero que se originan en su territorio, para que se incluyan en el Inventario Nacional de Emisiones y también hacer su propio inventario estatal.</li> <li>Elaborar, publicar y actualizar el atlas estatal de riesgo conforme a los criterios emitidos por el gobierno federal.</li><li>Promover que se fortalezcan las capacidades de las instituciones y los sectores  para llevar a cabo acciones para mitigar el cambio climático y para adaptarse a sus impactos.</li> </ul><div>",
       "Federacion": "<div class='is-mobile'><ul class='uls'><li>Hacer y guiar la política nacional de cambio climático.</li><li>Elaborar, coordinar y aplicar los instrumentos de política establecidos en la Ley General de Cambio Climático (LGCC).</li><li>Hacer, guiar y publicar, con la participación de la sociedad, la Estrategia Nacional de Cambio Climático, el Programa Especial de Cambio Climático, y las contribuciones determinadas a nivel nacional, así como llevar a cabo su instrumentación, seguimiento y evaluación.</li><li>Establecer, regular e instrumentar las acciones para la mitigación y adaptación al cambio climático, conforme a la LGCC, los tratados internacionales aprobados y otras leyes aplicables.</li><li>Crear, autorizar y regular el comercio de emisiones.</li><li>Promover la educación y difusión de la cultura en materia de cambio climático en todos los niveles educativos, así como realizar campañas de educación e información para sensibilizar a la población sobre las causas y los efectos de la variación del clima.</li><li>Integrar y actualizar el Sistema de Información sobre el Cambio Climático y ponerlo a disposición del público interesado.</li><li>Regular, integrar, administrar, publicar y actualizar el Registro Nacional de Emisiones (RENE).</li><li>Determinar los indicadores de efectividad e impacto para la evaluación de la aplicación de la LGCC e integrar los resultados al Sistema de Información sobre el Cambio Climático.<li>Convocar a entidades federativas y municipios, para el desarrollo de acciones concurrentes para la mitigación y adaptación al cambio climático.</li><li>Hacer normas oficiales mexicanas para los temas que señala la Ley General de Cambio Climático y vigilar su cumplimiento.</li></ul><div>",
       "Municipio": "<div class='is-mobile'><ul class='uls'><li>Hacer, guiar y evaluar la política municipal de cambio climático.</li> <li>Hacer e instrumentar políticas y acciones para enfrentar al cambio climático en los municipios.</li><li>Desarrollar estrategias, programas y proyectos integrales de mitigación al cambio climático para impulsar el transporte eficiente y sustentable, público y privado.</li> <li>Realizar campañas de educación e información para sensibilizar a la población sobre los efectos negativos del cambio climático.</li> <li>Participar junto con el gobierno federal y estatal en la puesta en marcha de la Estrategia Nacional de Cambio Climático, el Programa Especial de Cambio Climático y el programa estatal de cambio climático</li><li>Elaborar e integrar la información de las categorías de Fuentes Emisoras de gases y compuestos de efecto invernadero que se originan en su territorio, para que se incluyan en el Inventario Nacional de Emisiones.</li></ul><div>"
      },
      {
        "tipo": "atribucion",
        "id": "T8",
         "Estado": "<div class='is-mobile'><ul class='uls'><li>Lorem ipsum dolor sit amet, consectetur adipisicing elit. Omnis natus ex fugiat nemo repudiandae consequuntur</li><li>Lorem ipsum dolor sit amet, consectetur adipisicing elit. Omnis natus ex fugiat nemo repudiandae consequuntur</li><li>Lorem ipsum dolor sit amet, consectetur adipisicing elit. Omnis natus ex fugiat nemo repudiandae consequuntur</li><li>Lorem ipsum dolor sit amet, consectetur adipisicing elit. Omnis natus ex fugiat nemo repudiandae consequuntur</li></ul><div>",
       "Federacion": "<div class='is-mobile'><ul class='uls'><li>Lorem ipsum dolor sit amet, consectetur adipisicing elit. Omnis natus ex fugiat nemo repudiandae consequuntur</li><li>Lorem ipsum dolor sit amet, consectetur adipisicing elit. Omnis natus ex fugiat nemo repudiandae consequuntur</li><li>Lorem ipsum dolor sit amet, consectetur adipisicing elit. Omnis natus ex fugiat nemo repudiandae consequuntur</li><li>Lorem ipsum dolor sit amet, consectetur adipisicing elit. Omnis natus ex fugiat nemo repudiandae consequuntur</li></ul><div>",
       "Municipio": "<div class='is-mobile'><ul class='uls'><li>Lorem ipsum dolor sit amet, consectetur adipisicing elit. Omnis natus ex fugiat nemo repudiandae consequuntur</li><li>Lorem ipsum dolor sit amet, consectetur adipisicing elit. Omnis natus ex fugiat nemo repudiandae consequuntur</li><li>Lorem ipsum dolor sit amet, consectetur adipisicing elit. Omnis natus ex fugiat nemo repudiandae consequuntur</li><li>Lorem ipsum dolor sit amet, consectetur adipisicing elit. Omnis natus ex fugiat nemo repudiandae consequuntur</li></ul><div>"
      },
      {
        "tipo": "atribucion",
        "id": "T9",
         "Estado": "<div class='is-mobile'><ul class='uls'><li>Lorem ipsum dolor sit amet, consectetur adipisicing elit. Omnis natus ex fugiat nemo repudiandae consequuntur</li><li>Lorem ipsum dolor sit amet, consectetur adipisicing elit. Omnis natus ex fugiat nemo repudiandae consequuntur</li><li>Lorem ipsum dolor sit amet, consectetur adipisicing elit. Omnis natus ex fugiat nemo repudiandae consequuntur</li><li>Lorem ipsum dolor sit amet, consectetur adipisicing elit. Omnis natus ex fugiat nemo repudiandae consequuntur</li></ul><div>",
       "Federacion": "<div class='is-mobile'><ul class='uls'><li>Lorem ipsum dolor sit amet, consectetur adipisicing elit. Omnis natus ex fugiat nemo repudiandae consequuntur</li><li>Lorem ipsum dolor sit amet, consectetur adipisicing elit. Omnis natus ex fugiat nemo repudiandae consequuntur</li><li>Lorem ipsum dolor sit amet, consectetur adipisicing elit. Omnis natus ex fugiat nemo repudiandae consequuntur</li><li>Lorem ipsum dolor sit amet, consectetur adipisicing elit. Omnis natus ex fugiat nemo repudiandae consequuntur</li></ul><div>",
       "Municipio": "<div class='is-mobile'><ul class='uls'><li>Lorem ipsum dolor sit amet, consectetur adipisicing elit. Omnis natus ex fugiat nemo repudiandae consequuntur</li><li>Lorem ipsum dolor sit amet, consectetur adipisicing elit. Omnis natus ex fugiat nemo repudiandae consequuntur</li><li>Lorem ipsum dolor sit amet, consectetur adipisicing elit. Omnis natus ex fugiat nemo repudiandae consequuntur</li><li>Lorem ipsum dolor sit amet, consectetur adipisicing elit. Omnis natus ex fugiat nemo repudiandae consequuntur</li></ul><div>"
      },
      {
        "tipo": "atribucion",
        "id": "T10",
         "Estado": "<div class='is-mobile'><ul class='uls'><li>Lorem ipsum dolor sit amet, consectetur adipisicing elit. Omnis natus ex fugiat nemo repudiandae consequuntur</li><li>Lorem ipsum dolor sit amet, consectetur adipisicing elit. Omnis natus ex fugiat nemo repudiandae consequuntur</li><li>Lorem ipsum dolor sit amet, consectetur adipisicing elit. Omnis natus ex fugiat nemo repudiandae consequuntur</li><li>Lorem ipsum dolor sit amet, consectetur adipisicing elit. Omnis natus ex fugiat nemo repudiandae consequuntur</li></ul><div>",
       "Federacion": "<div class='is-mobile'><ul class='uls'><li>Lorem ipsum dolor sit amet, consectetur adipisicing elit. Omnis natus ex fugiat nemo repudiandae consequuntur</li><li>Lorem ipsum dolor sit amet, consectetur adipisicing elit. Omnis natus ex fugiat nemo repudiandae consequuntur</li><li>Lorem ipsum dolor sit amet, consectetur adipisicing elit. Omnis natus ex fugiat nemo repudiandae consequuntur</li><li>Lorem ipsum dolor sit amet, consectetur adipisicing elit. Omnis natus ex fugiat nemo repudiandae consequuntur</li></ul><div>",
       "Municipio": "<div class='is-mobile'><ul class='uls'><li>Lorem ipsum dolor sit amet, consectetur adipisicing elit. Omnis natus ex fugiat nemo repudiandae consequuntur</li><li>Lorem ipsum dolor sit amet, consectetur adipisicing elit. Omnis natus ex fugiat nemo repudiandae consequuntur</li><li>Lorem ipsum dolor sit amet, consectetur adipisicing elit. Omnis natus ex fugiat nemo repudiandae consequuntur</li><li>Lorem ipsum dolor sit amet, consectetur adipisicing elit. Omnis natus ex fugiat nemo repudiandae consequuntur</li></ul><div>"
      },
      {
        "tipo": "atribucion",
        "id": "T11",
         "Estado": "<div class='is-mobile'><ul class='uls'><li>Lorem ipsum dolor sit amet, consectetur adipisicing elit. Omnis natus ex fugiat nemo repudiandae consequuntur</li><li>Lorem ipsum dolor sit amet, consectetur adipisicing elit. Omnis natus ex fugiat nemo repudiandae consequuntur</li><li>Lorem ipsum dolor sit amet, consectetur adipisicing elit. Omnis natus ex fugiat nemo repudiandae consequuntur</li><li>Lorem ipsum dolor sit amet, consectetur adipisicing elit. Omnis natus ex fugiat nemo repudiandae consequuntur</li></ul><div>",
       "Federacion": "<div class='is-mobile'><ul class='uls'><li>Lorem ipsum dolor sit amet, consectetur adipisicing elit. Omnis natus ex fugiat nemo repudiandae consequuntur</li><li>Lorem ipsum dolor sit amet, consectetur adipisicing elit. Omnis natus ex fugiat nemo repudiandae consequuntur</li><li>Lorem ipsum dolor sit amet, consectetur adipisicing elit. Omnis natus ex fugiat nemo repudiandae consequuntur</li><li>Lorem ipsum dolor sit amet, consectetur adipisicing elit. Omnis natus ex fugiat nemo repudiandae consequuntur</li></ul><div>",
       "Municipio": "<div class='is-mobile'><ul class='uls'><li>Lorem ipsum dolor sit amet, consectetur adipisicing elit. Omnis natus ex fugiat nemo repudiandae consequuntur</li><li>Lorem ipsum dolor sit amet, consectetur adipisicing elit. Omnis natus ex fugiat nemo repudiandae consequuntur</li><li>Lorem ipsum dolor sit amet, consectetur adipisicing elit. Omnis natus ex fugiat nemo repudiandae consequuntur</li><li>Lorem ipsum dolor sit amet, consectetur adipisicing elit. Omnis natus ex fugiat nemo repudiandae consequuntur</li></ul><div>"
      }, {
        "tipo": "atribucion",
        "id": "T12",
         "Estado": "<div class='is-mobile'><ul class='uls'><li>Lorem ipsum dolor sit amet, consectetur adipisicing elit. Omnis natus ex fugiat nemo repudiandae consequuntur</li><li>Lorem ipsum dolor sit amet, consectetur adipisicing elit. Omnis natus ex fugiat nemo repudiandae consequuntur</li><li>Lorem ipsum dolor sit amet, consectetur adipisicing elit. Omnis natus ex fugiat nemo repudiandae consequuntur</li><li>Lorem ipsum dolor sit amet, consectetur adipisicing elit. Omnis natus ex fugiat nemo repudiandae consequuntur</li></ul><div>",
       "Federacion": "<div class='is-mobile'><ul class='uls'><li>Lorem ipsum dolor sit amet, consectetur adipisicing elit. Omnis natus ex fugiat nemo repudiandae consequuntur</li><li>Lorem ipsum dolor sit amet, consectetur adipisicing elit. Omnis natus ex fugiat nemo repudiandae consequuntur</li><li>Lorem ipsum dolor sit amet, consectetur adipisicing elit. Omnis natus ex fugiat nemo repudiandae consequuntur</li><li>Lorem ipsum dolor sit amet, consectetur adipisicing elit. Omnis natus ex fugiat nemo repudiandae consequuntur</li></ul><div>",
       "Municipio": "<div class='is-mobile'><ul class='uls'><li>Lorem ipsum dolor sit amet, consectetur adipisicing elit. Omnis natus ex fugiat nemo repudiandae consequuntur</li><li>Lorem ipsum dolor sit amet, consectetur adipisicing elit. Omnis natus ex fugiat nemo repudiandae consequuntur</li><li>Lorem ipsum dolor sit amet, consectetur adipisicing elit. Omnis natus ex fugiat nemo repudiandae consequuntur</li><li>Lorem ipsum dolor sit amet, consectetur adipisicing elit. Omnis natus ex fugiat nemo repudiandae consequuntur</li></ul><div>"
      }, {
        "tipo": "atribucion",
        "id": "T13",
         "Estado": "<div class='is-mobile'><ul class='uls'><li>Lorem ipsum dolor sit amet, consectetur adipisicing elit. Omnis natus ex fugiat nemo repudiandae consequuntur</li><li>Lorem ipsum dolor sit amet, consectetur adipisicing elit. Omnis natus ex fugiat nemo repudiandae consequuntur</li><li>Lorem ipsum dolor sit amet, consectetur adipisicing elit. Omnis natus ex fugiat nemo repudiandae consequuntur</li><li>Lorem ipsum dolor sit amet, consectetur adipisicing elit. Omnis natus ex fugiat nemo repudiandae consequuntur</li></ul><div>",
       "Federacion": "<div class='is-mobile'><ul class='uls'><li>Lorem ipsum dolor sit amet, consectetur adipisicing elit. Omnis natus ex fugiat nemo repudiandae consequuntur</li><li>Lorem ipsum dolor sit amet, consectetur adipisicing elit. Omnis natus ex fugiat nemo repudiandae consequuntur</li><li>Lorem ipsum dolor sit amet, consectetur adipisicing elit. Omnis natus ex fugiat nemo repudiandae consequuntur</li><li>Lorem ipsum dolor sit amet, consectetur adipisicing elit. Omnis natus ex fugiat nemo repudiandae consequuntur</li></ul><div>",
       "Municipio": "<div class='is-mobile'><ul class='uls'><li>Lorem ipsum dolor sit amet, consectetur adipisicing elit. Omnis natus ex fugiat nemo repudiandae consequuntur</li><li>Lorem ipsum dolor sit amet, consectetur adipisicing elit. Omnis natus ex fugiat nemo repudiandae consequuntur</li><li>Lorem ipsum dolor sit amet, consectetur adipisicing elit. Omnis natus ex fugiat nemo repudiandae consequuntur</li><li>Lorem ipsum dolor sit amet, consectetur adipisicing elit. Omnis natus ex fugiat nemo repudiandae consequuntur</li></ul><div>"
      },
      {
        "tipo": "atribucion",
        "id": "T14",
         "Estado": "<div class='is-mobile'><ul class='uls'><li>Lorem ipsum dolor sit amet, consectetur adipisicing elit. Omnis natus ex fugiat nemo repudiandae consequuntur</li><li>Lorem ipsum dolor sit amet, consectetur adipisicing elit. Omnis natus ex fugiat nemo repudiandae consequuntur</li><li>Lorem ipsum dolor sit amet, consectetur adipisicing elit. Omnis natus ex fugiat nemo repudiandae consequuntur</li><li>Lorem ipsum dolor sit amet, consectetur adipisicing elit. Omnis natus ex fugiat nemo repudiandae consequuntur</li></ul><div>",
       "Federacion": "<div class='is-mobile'><ul class='uls'><li>Lorem ipsum dolor sit amet, consectetur adipisicing elit. Omnis natus ex fugiat nemo repudiandae consequuntur</li><li>Lorem ipsum dolor sit amet, consectetur adipisicing elit. Omnis natus ex fugiat nemo repudiandae consequuntur</li><li>Lorem ipsum dolor sit amet, consectetur adipisicing elit. Omnis natus ex fugiat nemo repudiandae consequuntur</li><li>Lorem ipsum dolor sit amet, consectetur adipisicing elit. Omnis natus ex fugiat nemo repudiandae consequuntur</li></ul><div>",
       "Municipio": "<div class='is-mobile'><ul class='uls'><li>Lorem ipsum dolor sit amet, consectetur adipisicing elit. Omnis natus ex fugiat nemo repudiandae consequuntur</li><li>Lorem ipsum dolor sit amet, consectetur adipisicing elit. Omnis natus ex fugiat nemo repudiandae consequuntur</li><li>Lorem ipsum dolor sit amet, consectetur adipisicing elit. Omnis natus ex fugiat nemo repudiandae consequuntur</li><li>Lorem ipsum dolor sit amet, consectetur adipisicing elit. Omnis natus ex fugiat nemo repudiandae consequuntur</li></ul><div>"
      },
      {
        "tipo": "atribucion",
        "id": "T15",
         "Estado": "<div class='is-mobile'><ul class='uls'><li>Lorem ipsum dolor sit amet, consectetur adipisicing elit. Omnis natus ex fugiat nemo repudiandae consequuntur</li><li>Lorem ipsum dolor sit amet, consectetur adipisicing elit. Omnis natus ex fugiat nemo repudiandae consequuntur</li><li>Lorem ipsum dolor sit amet, consectetur adipisicing elit. Omnis natus ex fugiat nemo repudiandae consequuntur</li><li>Lorem ipsum dolor sit amet, consectetur adipisicing elit. Omnis natus ex fugiat nemo repudiandae consequuntur</li></ul><div>",
       "Federacion": "<div class='is-mobile'><ul class='uls'><li>Lorem ipsum dolor sit amet, consectetur adipisicing elit. Omnis natus ex fugiat nemo repudiandae consequuntur</li><li>Lorem ipsum dolor sit amet, consectetur adipisicing elit. Omnis natus ex fugiat nemo repudiandae consequuntur</li><li>Lorem ipsum dolor sit amet, consectetur adipisicing elit. Omnis natus ex fugiat nemo repudiandae consequuntur</li><li>Lorem ipsum dolor sit amet, consectetur adipisicing elit. Omnis natus ex fugiat nemo repudiandae consequuntur</li></ul><div>",
       "Municipio": "<div class='is-mobile'><ul class='uls'><li>Lorem ipsum dolor sit amet, consectetur adipisicing elit. Omnis natus ex fugiat nemo repudiandae consequuntur</li><li>Lorem ipsum dolor sit amet, consectetur adipisicing elit. Omnis natus ex fugiat nemo repudiandae consequuntur</li><li>Lorem ipsum dolor sit amet, consectetur adipisicing elit. Omnis natus ex fugiat nemo repudiandae consequuntur</li><li>Lorem ipsum dolor sit amet, consectetur adipisicing elit. Omnis natus ex fugiat nemo repudiandae consequuntur</li></ul><div>"
      }
]